{
  "years": {
    "train": [
      1903,
      1906,
      1910,
      1911,
      1912,
      1913,
      1914,
      1915,
      1916,
      1917,
      1918,
      1919,
      1920,
      1921,
      1922,
      1923,
      1924,
      1925,
      1926,
      1927,
      1928,
      1929,
      1930,
      1931,
      1932,
      1933,
      1934,
      1935,
      1936,
      1937,
      1938,
      1939,
      1940,
      1941,
      1942,
      1943,
      1944,
      1945,
      1946,
      1947,
      1948,
      1949,
      1950,
      1951,
      1952,
      1953,
      1954,
      1955,
      1956,
      1957,
      1958,
      1959,
      1960,
      1961,
      1962,
      1963,
      1964,
      1965,
      1966,
      1967,
      1968,
      1969,
      1970,
      1971,
      1972,
      1973,
      1974,
      1975,
      1976,
      1977,
      1978,
      1979,
      1980,
      1981,
      1982,
      1983,
      1984,
      1985,
      1986,
      1987,
      1988,
      1989,
      1990,
      1991,
      1992,
      1993,
      1994,
      1995,
      1996,
      1997,
      1998,
      1999,
      2000,
      2001,
      2002
    ],
    "val": [
      2003,
      2004,
      2005,
      2006,
      2007,
      2008,
      2009,
      2010,
      2011,
      2012,
      2013,
      2014,
      2015,
      2016,
      2017,
      2018,
      2019,
      2020,
      2021,
      2022,
      2023,
      2024
    ],
    "test": [
      2003,
      2004,
      2005,
      2006,
      2007,
      2008,
      2009,
      2010,
      2011,
      2012,
      2013,
      2014,
      2015,
      2016,
      2017,
      2018,
      2019,
      2020,
      2021,
      2022,
      2023,
      2024
    ]
  },
  "counts": {
    "movies": {
      "train": 7345,
      "val": 1627,
      "test": 1627
    },
    "actors": {
      "train": 124483,
      "val": 16004,
      "test": 15583
    },
    "directors": {
      "train": 4645,
      "val": 387,
      "test": 358
    },
    "studios": {
      "train": 7718,
      "val": 1871,
      "test": 1856
    }
  },
  "ratios": {
    "train": 0.6929899047079913,
    "val": 0.15350504764600434,
    "test": 0.15350504764600434
  }
}